title	category	description	price	img	isUsed
"Personalized Mug -
  Father And Daughter - The Love Between A Father And Daughter Is Forever -
  Gift For Daughter and Dad Cup - Best Cup Gift"	Mugs	BM11OZ 11 oz. Black Mug, BM11OZ 15 oz. Black Mug	4.99	0	
"Luck Fisherman Best Catch His and Hers
  Matching Mugs - Couple Mugs - Couple Coffee Cups - Dad and Mom Gift - Gift
  for Anniversary - Wedding Gift"	Mugs	BM11OZ 11 oz. Black Mug, BM11OZ 15 oz. Black Mug	4.99	1	
"Luck Fisherman Greatest Catch Fishing
  Matching Mugs - Couple Mugs - Couple Coffee Cups - Dad and Mom Gift - Gift
  for Anniversary - Wedding Gift"	Mugs	BM11OZ 11 oz. Black Mug, BM11OZ 15 oz. Black Mug	4.99	2	
"To My Husband Never Forget That I Love
  You To The Moon And Back Mug - Couple Cups"	Mugs	BM11OZ 11 oz. Black Mug, BM11OZ 15 oz. Black Mug	4.99	3	
"I Never Dreamed I'd Grow Up To Be A
  Spoiled Wife Of A Grumpy Old Husband But Here I Am Mug"	Mugs	BM11OZ 11 oz. Black Mug, BM11OZ 15 oz. Black Mug	4.99	4	
"Personalized Your Farts Stink But Until
  They Kill Me I Still Love You Ceramic Custom Name Coffee Mug - Wedding Gift -
  Husband Gift"	Mugs	BM11OZ 11 oz. Black Mug, BM11OZ 15 oz. Black Mug	4.99	5	
"Personalized Skeleton To Love Laughter
  And Happily Ever and After With Names Mug - Best Cup Gift"	Mugs	BM11OZ 11 oz. Black Mug, BM11OZ 15 oz. Black Mug	4.99	6	
"Personalized Riding God Blessed The
  Broken Road That led Me Straight To You With Names Mug - Best Cup Gift"	Mugs	BM11OZ 11 oz. Black Mug, BM11OZ 15 oz. Black Mug	4.99	7	
"Even a Global Pandemic Couldn't Stop Me
  2021"	Mugs	BM11OZ 11 oz. Black Mug, BM11OZ 15 oz. Black Mug	4.99	8	
"Personalized - Want To Hold Your Hand At
  80 And Say Baby Let Go Riding With Names Mug - Best Cup Gift"	Mugs	BM11OZ 11 oz. Black Mug, BM11OZ 15 oz. Black Mug	4.99	9	
"I Love Her Buns I Love His Guns Couple
  Mugs White Mug - Couple Mugs - Couple Coffee Cups - Dad and Mom Gift - Gift
  for Anniversary - Wedding Gift"	Mugs	BM11OZ 11 oz. Black Mug, BM11OZ 15 oz. Black Mug	4.99	10	
"LGBT Bear I'll Love You Forever I'll Like
  You For Always My Baby - White Mug - Best Gift for Daughter, Son - Funny Gift
  - LGBT Mug - LGBT Pride"	Mugs	BM11OZ 11 oz. Black Mug, BM11OZ 15 oz. Black Mug	4.99	11	
"She's My Honey Bee He's My Honey Bear
  Couple Mugs - Couple Mugs - Couple Coffee Cups - Dad and Mom Gift - Gift for
  Anniversary - Wedding Gift"	Mugs	BM11OZ 11 oz. Black Mug, BM11OZ 15 oz. Black Mug	4.99	12	
"Cute I Crochet So I Don't Choke People
  Save A Life Send Yarn - White Mug - Grandma Cup, Best Gift for Grandma"	Mugs	BM11OZ 11 oz. Black Mug, BM11OZ 15 oz. Black Mug	4.99	13	
"Never Underestimate A Grandma With A Jeep
  - Black Mug - Grandma Cup, Best Gift for Grandma"	Mugs	BM11OZ 11 oz. Black Mug, BM11OZ 15 oz. Black Mug	4.99	14	
"I'm Not Sleeping I'm Resting My Eyes Dad
  - Black Mug - Gift For Daddy Dad Mug - Father's Day Gift, Dad Cup, Best Dad
  Gift"	Mugs	BM11OZ 11 oz. Black Mug, BM11OZ 15 oz. Black Mug	4.99	15	
"Thanks For Teaching Me To Catch And Throw
  Gift For Baseball Dad Mug - Gift For Daddy Dad Mug - Father's Day Gift, Dad
  Cup, Best Dad Gift"	Mugs	BM11OZ 11 oz. Black Mug, BM11OZ 15 oz. Black Mug	4.99	16	
"Printed on Both Sides - Grandpa Knows
  Everything Coffee Mug 11oz - Father's Day Gift, Dad Mugs, Dad Cup, Best Dad
  Gift"	Mugs	BM11OZ 11 oz. Black Mug, BM11OZ 15 oz. Black Mug	4.99	17	
"To Daughter - Personalized Behind You All
  Your Memories Before You All Your Dreams Coffee Mug - Best Gift for Daughter
  - College Graduate"	Mugs	BM11OZ 11 oz. Black Mug, BM11OZ 15 oz. Black Mug	4.99	18	
"Printed on Both Sides - The Best Daddy
  get The Biggest Coffee Mug 11oz - Father's Day Gift, Dad Mugs, Dad Cup, Best
  Dad Gift"	Mugs	BM11OZ 11 oz. Black Mug, BM11OZ 15 oz. Black Mug	4.99	19	
"Dear Daughter In Law - Personalized
  custom daughter in law Mug Wedding Mug Mother gift idea family gift"	Mugs	BM11OZ 11 oz. Black Mug, BM11OZ 15 oz. Black Mug	4.99	20	
"Printed on Both Sides - Bear Drinking
  Beer It's Not A Dad Bob It's A Father Figure Mug - Father's Day Gift, Dad
  Mugs, Dad Cup, Best Dad Gift"	Mugs	BM11OZ 11 oz. Black Mug, BM11OZ 15 oz. Black Mug	4.99	21	
"Printed on Both Sides - Father's Day Best
  Dad Ever Hockey - White Mug - Father's Day Gift, Daddy Cup"	Mugs	BM11OZ 11 oz. Black Mug, BM11OZ 15 oz. Black Mug	4.99	22	
"Personalized I Promise To Still Grab Your
  Butt Even When We're Old and Wrinkly Mug - Customize Your Name And Date -
  Anniversary& Wedding Gifts"	Mugs	BM11OZ 11 oz. Black Mug, BM11OZ 15 oz. Black Mug	4.99	23	
"Cat That's What I Do I Read Books I Drink
  Wine And I know Thing White Mug - Funny Cat Mug, Gifts for Cat Lovers, Cat
  Cup"	Mugs	BM11OZ 11 oz. Black Mug, BM11OZ 15 oz. Black Mug	4.99	24	
"Love Sunflower Corgi - Black Mug -
  Sunflower Mug, Gifts for Sunflower Lovers, Sunflower Cup"	Mugs	BM11OZ 11 oz. Black Mug, BM11OZ 15 oz. Black Mug	4.99	25	
"Sushi Persian Cat Coffee Mug - Funny Cat
  Mug, Cat Mug, Gifts for Cat Lovers, Cat Cup, Cat Lover Gift Mug"	Mugs	BM11OZ 11 oz. Black Mug, BM11OZ 15 oz. Black Mug	4.99	26	
"I'd Walk Through Fire For You Sister
  Coffee Mug - Funny Sister Birthday Gifts Cup, Funny Sibling Gift From A
  Brother or Sister"	Mugs	BM11OZ 11 oz. Black Mug, BM11OZ 15 oz. Black Mug	4.99	27	
"Dear Husband Thank You For Being My
  Husband Love Always From Your Wife Coffee Mug - Anniversary & Wedding
  Gifts"	Mugs	BM11OZ 11 oz. Black Mug, BM11OZ 15 oz. Black Mug	4.99	28	
"Personalized Fishing I Love You The Most
  Mug - Customize Your Name And Date - Anniversary & Wedding Gifts"	Mugs	BM11OZ 11 oz. Black Mug, BM11OZ 15 oz. Black Mug	4.99	29	
"Personalized To My Husband You Are My
  Always and Forever Mug - Customize Your Name And Date Mug - Anniversary &
  Wedding Gifts"	Mugs	BM11OZ 11 oz. Black Mug, BM11OZ 15 oz. Black Mug	4.99	30	
"Personalized Wedding Anniversary Mug -
  Customize Your Name And Date, Wedding Gifts"	Mugs	BM11OZ 11 oz. Black Mug, BM11OZ 15 oz. Black Mug	4.99	31	
"Halloween Salem Sanctuary For Wayward
  Cat's Ferals And Familiars Welcome - Black Mug - Halloween Coffee Mug -
  Halloween Gifts"	Mugs	BM11OZ 11 oz. Black Mug, BM11OZ 15 oz. Black Mug	4.99	32	
"Easily Distracted By Cats And Wine
  Vintage - White Mug - Funny Cat Mug, Gifts for Cat Lovers, Cat Cup, Cat Lover
  Gift Mug"	Mugs	BM11OZ 11 oz. Black Mug, BM11OZ 15 oz. Black Mug	4.99	33	
"Cats Masked 2020 - Cats Coffee Mug -
  Funny Cat Mug, Cat Mug, Gifts for Cat Lovers, Cat Cup, Cat Lover Gift Mug"	Mugs	BM11OZ 11 oz. Black Mug, BM11OZ 15 oz. Black Mug	4.99	34	
"Owl I Do Not Have Grey Hair I Have Wisdom
  Highlights - White Coffee Mug - Owl Mug - Owl Cup - Owl Gifts for Owl Lovers"	Mugs	BM11OZ 11 oz. Black Mug, BM11OZ 15 oz. Black Mug	4.99	35	
"Bear Maga Only You Can Prevent Socialism
  - Black Mug - Funny Bear Mug, Bear Mug, Gifts for Bear Lovers, Bear Cup, Bear
  Lover Gift Mug"	Mugs	BM11OZ 11 oz. Black Mug, BM11OZ 15 oz. Black Mug	4.99	36	
"Bear Drinking Coffee I Hate Morning
  People And Mornings And Peoples Mug, Bear Mug, Gifts for Bear Lovers, Bear
  Cup, Bear Lover Gift Mug"	Mugs	BM11OZ 11 oz. Black Mug, BM11OZ 15 oz. Black Mug	4.99	37	
"Best Cat Dad Ever Cool Design Coffee Mug
  - Mug for Cat Lovers - Crazy cat lady Mug, Cat Mug, Father's Day Gift"	Mugs	BM11OZ 11 oz. Black Mug, BM11OZ 15 oz. Black Mug	4.99	38	
"Bear That's What I Do I Drink Coffee I
  Hate People And I Know Things Mug, Bear Mug, Gifts for Bear Lovers, Bear Cup,
  Bear Lover Gift Mug"	Mugs	BM11OZ 11 oz. Black Mug, BM11OZ 15 oz. Black Mug	4.99	39	
"Mom And Kid Autism Awareness Puzzle
  Pieces Elephant - Black Mug - Elephant Lovers, Elephant Cup"	Mugs	BM11OZ 11 oz. Black Mug, BM11OZ 15 oz. Black Mug	4.99	40	
"Bear Welcome To Camp Quitcherbitchin A
  Certified Happy Camper Area Mug, Bear Mug, Gifts for Bear Lovers, Bear Cup,
  Bear Lover Gift Mug"	Mugs	BM11OZ 11 oz. Black Mug, BM11OZ 15 oz. Black Mug	4.99	41	
"Halloween Bigfoot On A Dark Desert
  Highway Cool Wind In My Hair - Black Mug - Halloween Coffee Mug - Halloween
  Gifts"	Mugs	BM11OZ 11 oz. Black Mug, BM11OZ 15 oz. Black Mug	4.99	42	
"Elephant Mamaphant Vintage - Black Mug -
  Elephant Lovers, Elephant Cup"	Mugs	BM11OZ 11 oz. Black Mug, BM11OZ 15 oz. Black Mug	4.99	43	
"Costume Cat Halloween - Black Mug - Cute
  Halloween Mug - Halloween Coffee Mug - Halloween Gifts"	Mugs	BM11OZ 11 oz. Black Mug, BM11OZ 15 oz. Black Mug	4.99	44	
"Birthplace Earth Race Human Politics
  Religion Love Coffee Mug"	Mugs	BM11OZ 11 oz. Black Mug, BM11OZ 15 oz. Black Mug	4.99	45	
"Black Cat Halloween Don't Tell Me What To
  Do - Black Mug - Cute Halloween Mug - Halloween Coffee Mug - Halloween Gifts"	Mugs	BM11OZ 11 oz. Black Mug, BM11OZ 15 oz. Black Mug	4.99	46	
"Black Cat Hello Darkness My Old Friend
  Halloween - Black Mug - Halloween Coffee Mug - Halloween Gifts"	Mugs	BM11OZ 11 oz. Black Mug, BM11OZ 15 oz. Black Mug	4.99	47	
"Four Out Of The Five Voices In My Head
  Think You're An Idiot The Other One Is Deciding Where To Bury You Jesus Mug -
  Owl Gifts for Owl Lovers"	Mugs	BM11OZ 11 oz. Black Mug, BM11OZ 15 oz. Black Mug	4.99	48	
"Forget Candy Just Give Me Yarn Knitting
  Crocheting Halloween - Black Mug - Cute Halloween Mug - Halloween Coffee Mug"	Mugs	BM11OZ 11 oz. Black Mug, BM11OZ 15 oz. Black Mug	4.99	49	
"Kamala Harris Ruby Bridges Dream With
  Ambition, Lead With Conviction Mugs, Coffee Mugs"	Mugs	BM11OZ 11 oz. Black Mug, BM11OZ 15 oz. Black Mug	4.99	50	
"You’re My Favorite Cardio Workout
  Valentine Funny Coffee Mug, Funny Valentine’s Day Gifts For Him"	Mugs	BM11OZ 11 oz. Black Mug, BM11OZ 15 oz. Black Mug	4.99	51	
"Funny Turns Out I Like You A Lot Not Just
  Because You Have The Best Cock Ever Coffee Mug, Funny Mug, Funny Valentine's
  Day Gift Mug"	Mugs	BM11OZ 11 oz. Black Mug, BM11OZ 15 oz. Black Mug	4.99	52	
"Personalized This Grandpa Belongs To
  Kids' Name Coffee Mug, Grandpa Gift, Dad Grandpa Mug"	Mugs	BM11OZ 11 oz. Black Mug, BM11OZ 15 oz. Black Mug	4.99	53	
"All The Vaginas In The World I'm Glad I
  Tumbled Out Of Yours Coffee Mug, Personalized Mugs"	Mugs	BM11OZ 11 oz. Black Mug, BM11OZ 15 oz. Black Mug	4.99	54	
"Bee Kind, Bee Mandala Coffee Mug, Gift
  For Her, Bee Mugs"	Mugs	BM11OZ 11 oz. Black Mug, BM11OZ 15 oz. Black Mug	4.99	55	
"Personalized To My Wife I Love You To The
  Moon And Back Coffee Mug, Husband And Wife, Couple Mug, Gift For Wife"	Mugs	BM11OZ 11 oz. Black Mug, BM11OZ 15 oz. Black Mug	4.99	56	
"Personalized Ladies Friendship We're Old
  And Senile Coffee Mug, Funny Friendship, Gift Mug For Best Friend"	Mugs	BM11OZ 11 oz. Black Mug, BM11OZ 15 oz. Black Mug	4.99	57	
"Funny You're The Only Wiener For My Buns
  Coffee Mug, Funny Couple Gift Mug, Naughty Gift, Naughty Valentine"	Mugs	BM11OZ 11 oz. Black Mug, BM11OZ 15 oz. Black Mug	4.99	58	
"Funny Naughty Couple Of All The Butts In
  The Word Yours Is My Favorite Coffee Mug, Custom Mug, Funny Valentine's Gift,
  Naughty Gift"	Mugs	BM11OZ 11 oz. Black Mug, BM11OZ 15 oz. Black Mug	4.99	59	
"Wedding Rings Coffee Mug - To My Husband
  I Love You Still, Always Have, Always Will Coffee Mug, Valentine's Gift Mug"	Mugs	BM11OZ 11 oz. Black Mug, BM11OZ 15 oz. Black Mug	4.99	60	
"Personalized Reel Cool Papa Vintage Funny
  Coffee Mug, Gift For Papa, Gift For Fishing Lover, Gift For Dad"	Mugs	BM11OZ 11 oz. Black Mug, BM11OZ 15 oz. Black Mug	4.99	61	
"Funny Bernie Current Mood Coffee Mug,
  Bernie Inauguration 2021 Mug, Bernie Sanders Mug, Funny Gift"	Mugs	BM11OZ 11 oz. Black Mug, BM11OZ 15 oz. Black Mug	4.99	62	
"Personalized Husband I Promise To Always
  Be By Your Side Coffee Mug, Funny Gift For Husband"	Mugs	BM11OZ 11 oz. Black Mug, BM11OZ 15 oz. Black Mug	4.99	63	
"Funny You Are The Luckies Step Dad In The
  World To Have Me Coffee Mug, Gift For Step Dad, Funny Gift"	Mugs	BM11OZ 11 oz. Black Mug, BM11OZ 15 oz. Black Mug	4.99	64	
"Personalized My Birthday 2021 The One
  Where I Was In Lockdown Coffee Mug, Quarantine Birthday, Funny Gift Mug"	Mugs	BM11OZ 11 oz. Black Mug, BM11OZ 15 oz. Black Mug	4.99	65	
"Funny Never Mistake Redhead's Silence
  Coffee Mug, Redhead Mug, Funny Gift For Redhead"	Mugs	BM11OZ 11 oz. Black Mug, BM11OZ 15 oz. Black Mug	4.99	66	
"Expedited shipping, Funny Boss Unicorn
  Mug, Funny Best Boss, Other Aunts, Other Teachers, Other Person Can Be
  Changed"	Mugs	BM11OZ 11 oz. Black Mug, BM11OZ 15 oz. Black Mug	4.99	67	
"Personalized Couple Valentine's Coffee
  Mug, Quarantine With My Valentine Mug, Gift For Lover"	Mugs	BM11OZ 11 oz. Black Mug, BM11OZ 15 oz. Black Mug	4.99	68	
"Funny Redhead Coffee Mug, Having A
  Redhead Mother Builds Character Mug, Funny Mom Gift"	Mugs	BM11OZ 11 oz. Black Mug, BM11OZ 15 oz. Black Mug	4.99	69	
"Personalized Gift For Boss, Funny Boss
  Unicorn Mug, Funny Best Boss, Other Aunts, Other Teachers, Other Person Can
  Be Changed"	Mugs	BM11OZ 11 oz. Black Mug, BM11OZ 15 oz. Black Mug	4.99	70	
"In My Dream World Books Are Free And
  Reading Make You Thin Mugs, Coffee Mug, gifts For Women And Men"	Mugs	BM11OZ 11 oz. Black Mug, BM11OZ 15 oz. Black Mug	4.99	71	
"Personalized Mom Memorial Coffee Mug,
  Sometimes I Just Look Up Smile And Say I Know That Was You Butterfly Mug"	Mugs	BM11OZ 11 oz. Black Mug, BM11OZ 15 oz. Black Mug	4.99	72	
"Black Queen Definition Coffee Mug, Gift
  For Black Girl, Blm, Black Strong Mug"	Mugs	BM11OZ 11 oz. Black Mug, BM11OZ 15 oz. Black Mug	4.99	73	
"Personalized Father And Daughter Hunting
  Partners For Life Coffee Mug, Gift For Dad Idea"	Mugs	BM11OZ 11 oz. Black Mug, BM11OZ 15 oz. Black Mug	4.99	74	
"Funny He Don't Love Me Like Tequila Does
  Nobody Can Mug, Gift For Her, Drinking Alcohol Mug, Funny Valentine's Day
  Mugs"	Mugs	BM11OZ 11 oz. Black Mug, BM11OZ 15 oz. Black Mug	4.99	75	
"Personalized Funny Couple Coffee Mug, I
  Love You For Your Personality, Funny Mug For Boyfriend, Gift For Him Gift"	Mugs	BM11OZ 11 oz. Black Mug, BM11OZ 15 oz. Black Mug	4.99	76	
"Personalized Funny A Boss Like You Is
  Harder To Find Than Toilet Paper During A Pandemic Coffee Mug, Gift For Boss"	Mugs	BM11OZ 11 oz. Black Mug, BM11OZ 15 oz. Black Mug	4.99	77	
"Irish By Blood Patriot By Choice American
  By Birth Coffee Mug, Best Gift Mug For The Irish, Culture Coffee Mug"	Mugs	BM11OZ 11 oz. Black Mug, BM11OZ 15 oz. Black Mug	4.99	78	
"Personalized Dad Deer Hunter Thank You
  For Teaching Me Coffee Mug, Dad And Daughter, Gift For Dad, Deer Hunting Mug"	Mugs	BM11OZ 11 oz. Black Mug, BM11OZ 15 oz. Black Mug	4.99	79	
"A Day Without A Redhead Is Like A Day
  Without Sunshine Vintage Coffee Mug, Redhead Mug, Gift For Her"	Mugs	BM11OZ 11 oz. Black Mug, BM11OZ 15 oz. Black Mug	4.99	80	
"Hell Hath No Fury Like A Pissed Off
  Redhead With A Temper Coffee, Tea Ceramic Mug, Gift For Birthday"	Mugs	BM11OZ 11 oz. Black Mug, BM11OZ 15 oz. Black Mug	4.99	81	
"Dad Established 2021 Coffee Mug, First
  Dad Year Mug, Est 2021 New Dad Daddy, Family Mug"	Mugs	BM11OZ 11 oz. Black Mug, BM11OZ 15 oz. Black Mug	4.99	82	
"Reel Cool Grampy American Flag Fishing
  Rod Coffee Mug, Fishing Lovers Gift Mug, Gift For Grandpa, Fisherman Idea"	Mugs	BM11OZ 11 oz. Black Mug, BM11OZ 15 oz. Black Mug	4.99	83	
"Personalized At The Lake We Do Beer And
  Wine Funny Coffee Mug, Lake House Mug, Memory At The Lake, Family Mug"	Mugs	BM11OZ 11 oz. Black Mug, BM11OZ 15 oz. Black Mug	4.99	84	
"To My Gorgeous Fiance I Love You The Most
  Coffee Mug, Gift For Fiance, Dating Engagement Quote Gift Mug Gift"	Mugs	BM11OZ 11 oz. Black Mug, BM11OZ 15 oz. Black Mug	4.99	85	
"Funny Fishing I Might Look Like I'm
  Listening To You But Fishing Coffee Mug, Gift For Fisherman, Funny Gift For
  Dad"	Mugs	BM11OZ 11 oz. Black Mug, BM11OZ 15 oz. Black Mug	4.99	86	
"Farmers To My Mom I Love You Always And
  Forever Old Truck Coffee Mug, Gift For Mom, Farmers"	Mugs	BM11OZ 11 oz. Black Mug, BM11OZ 15 oz. Black Mug	4.99	87	
"Cats And Norwegians Do What They Want
  Funny Coffee Mug, Cat Mug, Norwegians Mug, Gift For Norwegians"	Mugs	BM11OZ 11 oz. Black Mug, BM11OZ 15 oz. Black Mug	4.99	88	
"Lion To My Dear Son In Law Mug, Son In
  Law Gift, Lion Mug, Ceramic Coffee Mug"	Mugs	BM11OZ 11 oz. Black Mug, BM11OZ 15 oz. Black Mug	4.99	89	
"You Can't Be Norwegian If You Don't Love
  Butter Coffee Mug, Norwegian Funny Mug, Norwegian Gifts"	Mugs	BM11OZ 11 oz. Black Mug, BM11OZ 15 oz. Black Mug	4.99	90	
"Personalized Reel Cool Grandpa Fishing
  Tumbler, Gift For Grandpa, Grandpa Fisherman, Better To Wake At The Lake"	Mugs	BM11OZ 11 oz. Black Mug, BM11OZ 15 oz. Black Mug	4.99	91	
"I Had The Right To Remain Silent But
  Being A Scot I Didn't Have The Ability Mug, Scottish Mug, Ceramic Coffee Mug"	Mugs	BM11OZ 11 oz. Black Mug, BM11OZ 15 oz. Black Mug	4.99	92	
"Raccoon Vintage You Can Do Great Things,
  Raccoon Mugs"	Mugs	BM11OZ 11 oz. Black Mug, BM11OZ 15 oz. Black Mug	4.99	93	
"Best Cat Dad, Cats lover Mugs, Gift for
  Dad Mugs"	Mugs	BM11OZ 11 oz. Black Mug, BM11OZ 15 oz. Black Mug	4.99	94	
"Custom 5 things about this woman, Dogs
  lover, Gift for Her, Personalized Mugs"	Mugs	BM11OZ 11 oz. Black Mug, BM11OZ 15 oz. Black Mug	4.99	95	
"Born to be a Cat Mom, Gift for Mom Mugs,
  Mother's day, Cats lover Mugs"	Mugs	BM11OZ 11 oz. Black Mug, BM11OZ 15 oz. Black Mug	4.99	96	
Father's day gift Mug	Mugs	BM11OZ 11 oz. Black Mug, BM11OZ 15 oz. Black Mug	4.99	97	
"I Work For My Grandkids, Gift for
  Grandkids, Grandfather's Mugs"	Mugs	BM11OZ 11 oz. Black Mug, BM11OZ 15 oz. Black Mug	4.99	98	
Custom Grandkids Mug	Mugs	BM11OZ 11 oz. Black Mug, BM11OZ 15 oz. Black Mug	4.99	99	
Beer, Beard and Pipe Tobacco Mug	Mugs	BM11OZ 11 oz. Black Mug, BM11OZ 15 oz. Black Mug	4.99	100	
"Sweetest Gift For Him or Her, Gift for
  Lover, Best Gift Idea Mugs"	Mugs	BM11OZ 11 oz. Black Mug, BM11OZ 15 oz. Black Mug	4.99	101	
"Turn out, you can make a wife out of a
  ho, Couple Mugs"	Mugs	BM11OZ 11 oz. Black Mug, BM11OZ 15 oz. Black Mug	4.99	102	
"Just remember when I say Have a nice day!
  The bitch is silent, Mugs"	Mugs	BM11OZ 11 oz. Black Mug, BM11OZ 15 oz. Black Mug	4.99	103	
Hate spelled backwards is E - TAH, Mugs	Mugs	BM11OZ 11 oz. Black Mug, BM11OZ 15 oz. Black Mug	4.99	104	
"2021 - The one where we were vaccinated,
  Mother's day Mugs"	Mugs	BM11OZ 11 oz. Black Mug, BM11OZ 15 oz. Black Mug	4.99	105	
"My Viking, I Always Remember That I Love
  You, Best Gift Idea Mugs"	Mugs	BM11OZ 11 oz. Black Mug, BM11OZ 15 oz. Black Mug	4.99	106	
"To My Daughter, When Life Tries To Knock
  You Down, Gift for Daughter, Wolf Mug"	Mugs	BM11OZ 11 oz. Black Mug, BM11OZ 15 oz. Black Mug	4.99	107	
"To My Daughter Your Are My Sunshine, Gift
  for Daughter, Sunflower Mug"	Mugs	BM11OZ 11 oz. Black Mug, BM11OZ 15 oz. Black Mug	4.99	108	
To My Daughter In Law Mug	Mugs	BM11OZ 11 oz. Black Mug, BM11OZ 15 oz. Black Mug	4.99	109	
"Dear Mummy I Can't Wait To Meet You, Mom
  and Son, Gift for Son Mugs"	Mugs	BM11OZ 11 oz. Black Mug, BM11OZ 15 oz. Black Mug	4.99	110	
"I Promise To Still Grab Your Butt Even
  When We're Old And Wrinkly, Husband & Wife, Personalized Mugs"	Mugs	BM11OZ 11 oz. Black Mug, BM11OZ 15 oz. Black Mug	4.99	111	
"Never mistake redhead's silence for
  weakness, Mugs"	Mugs	BM11OZ 11 oz. Black Mug, BM11OZ 15 oz. Black Mug	4.99	112	
"I love you with all my boobs, Funny Mugs,
  Couple Mugs"	Mugs	BM11OZ 11 oz. Black Mug, BM11OZ 15 oz. Black Mug	4.99	113	
"That's what I do I drink coffee, I hate
  people and I know things, Cats lover Mugs"	Mugs	BM11OZ 11 oz. Black Mug, BM11OZ 15 oz. Black Mug	4.99	114	
Donald Trump - I'll be back, Funny Mugs	Mugs	BM11OZ 11 oz. Black Mug, BM11OZ 15 oz. Black Mug	4.99	115	
Black 15 Oz Mug, Chief Mugs	Mugs	BM11OZ 11 oz. Black Mug, BM11OZ 15 oz. Black Mug	4.99	116	
"Everyone Needs A Smartass Sarcastic
  Redhead Coffee Mug, Funny Redhead Mug, Gift For Redhead, Gift For Her"	Mugs	BM11OZ 11 oz. Black Mug, BM11OZ 15 oz. Black Mug	4.99	117	
Locker Cabinet Mug	Mugs	BM11OZ 11 oz. Black Mug, BM11OZ 15 oz. Black Mug	4.99	118	
"Mother Definition in Chemistry, Gift for
  mother Mugs"	Mugs	BM11OZ 11 oz. Black Mug, BM11OZ 15 oz. Black Mug	4.99	119	
"Sometimes you just look up Smile and say
  I know that was You, Gift for Mom, Personalized Mugs"	Mugs	BM11OZ 11 oz. Black Mug, BM11OZ 15 oz. Black Mug	4.99	120	
"Brave - Strong - Fearless Multiple
  Sclerosis Warrior, Funny Mugs"	Mugs	BM11OZ 11 oz. Black Mug, BM11OZ 15 oz. Black Mug	4.99	121	
"Mother and Daughter forever linked
  together, Mother and Daughter Mugs, Personalized Mugs"	Mugs	BM11OZ 11 oz. Black Mug, BM11OZ 15 oz. Black Mug	4.99	122	
"Mother and Daughter Forever linked
  together, Mother and Daughter Mugs, Personalized Mugs"	Mugs	BM11OZ 11 oz. Black Mug, BM11OZ 15 oz. Black Mug	4.99	123	
"Female - The original Iron Man, Gift for
  Her Mugs"	Mugs	BM11OZ 11 oz. Black Mug, BM11OZ 15 oz. Black Mug	4.99	124	
"Our First Mother's Day Together From Baby
  Mug, Gift For First Time Mom, Personalized Mugs"	Mugs	BM11OZ 11 oz. Black Mug, BM11OZ 15 oz. Black Mug	4.99	125	
"Personalized Grandma Inside Mummy's Tummy
  Bump Ultrasound Mug"	Mugs	BM11OZ 11 oz. Black Mug, BM11OZ 15 oz. Black Mug	4.99	126	
"You Are The Luckiest Boss In The World,
  Mugs for boss"	Mugs	BM11OZ 11 oz. Black Mug, BM11OZ 15 oz. Black Mug	4.99	127	
Mamabear, Family Gift, Family Bear Mugs	Mugs	BM11OZ 11 oz. Black Mug, BM11OZ 15 oz. Black Mug	4.99	128	
"You think it, we engrave it, Custom text
  or image Mugs"	Mugs	BM11OZ 11 oz. Black Mug, BM11OZ 15 oz. Black Mug	4.99	129	
"Work Bestie Define, Gift for Boss, Work
  Mugs"	Mugs	BM11OZ 11 oz. Black Mug, BM11OZ 15 oz. Black Mug	4.99	130	
"Heart Monitor Cardiologist 75 Mug,
  Doctors Mug"	Mugs	BM11OZ 11 oz. Black Mug, BM11OZ 15 oz. Black Mug	4.99	131	
LGBTEA, Gift for LGBT Mugs	Mugs	BM11OZ 11 oz. Black Mug, BM11OZ 15 oz. Black Mug	4.99	132	
"To my dear Daughter in law, I gave you my
  amazing son, Gift for Daughter, Eagle Mugs"	Mugs	BM11OZ 11 oz. Black Mug, BM11OZ 15 oz. Black Mug	4.99	133	
"The love between a Father and Daughter is
  forever, Father and Daughter Mugs, Family Mugs, Personalized Mugs"	Mugs	BM11OZ 11 oz. Black Mug, BM11OZ 15 oz. Black Mug	4.99	134	
"Turn out like you a lot more than I had
  originally planned, Couple Mugs, Gift Idea"	Mugs	BM11OZ 11 oz. Black Mug, BM11OZ 15 oz. Black Mug	4.99	135	
"I smile because you're my step Mum, Gift
  for Mother Mugs, Coffee Mugs"	Mugs	BM11OZ 11 oz. Black Mug, BM11OZ 15 oz. Black Mug	4.99	136	
"And to the forest I go to lose my mind
  and find my soul, Wolf Mugs, Coffee Mugs"	Mugs	BM11OZ 11 oz. Black Mug, BM11OZ 15 oz. Black Mug	4.99	137	
"Police - Daddy we love you stay safe
  always, Personalized Mugs"	Mugs	BM11OZ 11 oz. Black Mug, BM11OZ 15 oz. Black Mug	4.99	138	
"Firefighter - Daddy's squad Mugs,
  Personalized Mugs"	Mugs	BM11OZ 11 oz. Black Mug, BM11OZ 15 oz. Black Mug	4.99	139	
"Police - This awesome Dad belongs to,
  Gift for Dad, Personalized Mugs"	Mugs	BM11OZ 11 oz. Black Mug, BM11OZ 15 oz. Black Mug	4.99	140	
"I can't see the haters with my love
  glasses on, Pigs lover Mugs"	Mugs	BM11OZ 11 oz. Black Mug, BM11OZ 15 oz. Black Mug	4.99	141	
"The Love of a Family is Life's Greatest
  Blessing, Family Mugs, Personalized Mugs"	Mugs	BM11OZ 11 oz. Black Mug, BM11OZ 15 oz. Black Mug	4.99	142	